Index,ID,Timestamp,Average of latitude,Average of longitude,status,track_id,Temp,Humidity
1,ZXC098,20200321T010101,-10.8956631,-37.05343751,empty,47,0,0
2,ZXC098,20200321T010102,-10.89603214,-37.0536262,empty,47,0,0
3,ZXC098,20200321T010103,-10.89623005,-37.05379143,empty,47,0,0
4,ZXC098,20200321T010104,-10.89628814,-37.05424197,empty,47,0,0
5,ZXC098,20200321T010105,-10.89635522,-37.0548444,empty,47,0,0
6,ZXC098,20200321T010106,-10.89645068,-37.05537789,empty,47,0,0
7,ZXC098,20200321T010107,-10.89659695,-37.05589775,empty,47,0,0
8,ZXC098,20200321T010108,-10.89672371,-37.05642998,empty,47,0,0
9,ZXC098,20200321T010109,-10.8968518,-37.05699734,empty,47,0,0
10,ZXC098,20200321T010110,-10.89693324,-37.05740121,empty,47,0,0
11,ZXC098,20200321T010111,-10.89695877,-37.05758255,empty,47,0,0
12,ZXC098,20200321T010112,-10.89705685,-37.05775308,empty,47,0,0
13,ZXC098,20200321T010113,-10.8971325,-37.05781614,empty,47,0,0
14,ZXC098,20200321T010114,-10.89717006,-37.05785087,empty,47,0,0
15,ZXC098,20200321T010115,-10.8972716,-37.05793624,empty,47,0,0
16,ZXC098,20200321T010116,-10.89753406,-37.05815127,empty,47,0,0
17,ZXC098,20200321T010117,-10.89784929,-37.05837899,empty,47,0,0
18,ZXC098,20200321T010118,-10.8983372,-37.05815327,empty,47,0,0
19,ZXC098,20200321T010119,-10.89892342,-37.05772666,empty,47,0,0
20,ZXC098,20200321T010120,-10.89958113,-37.05724025,empty,47,0,0
21,ZXC098,20200321T010121,-10.90021957,-37.05681599,empty,47,0,0
22,ZXC098,20200321T010122,-10.90085748,-37.05636098,empty,47,0,0
23,ZXC098,20200321T010123,-10.90131659,-37.05602238,empty,47,0,0
24,ZXC098,20200321T010124,-10.90182536,-37.05564591,empty,47,0,0
25,ZXC098,20200321T010125,-10.90225099,-37.05533884,empty,47,0,0
26,ZXC098,20200321T010126,-10.902561,-37.05512476,empty,47,0,0
27,ZXC098,20200321T010127,-10.90259309,-37.05510169,empty,47,0,0
28,ZXC098,20200321T010128,-10.90259328,-37.05509861,empty,47,0,0
29,ZXC098,20200321T010129,-10.90259267,-37.05509805,empty,47,0,0
30,ZXC098,20200321T010130,-10.9026121,-37.05510122,empty,47,0,0
31,ZXC098,20200321T010131,-10.90261448,-37.05510608,empty,47,0,0
32,ZXC098,20200321T010132,-10.90261121,-37.05510746,empty,47,0,0
33,ZXC098,20200321T010133,-10.90261122,-37.05510735,empty,47,0,0
34,ZXC098,20200321T010134,-10.90261112,-37.0551074,empty,47,0,0
35,ZXC098,20200321T010135,-10.90266121,-37.05507047,empty,47,0,0
36,ZXC098,20200321T010136,-10.90286297,-37.05491172,empty,47,0,0
37,ZXC098,20200321T010137,-10.90308016,-37.0548855,empty,47,0,0
38,ZXC098,20200321T010138,-10.90305039,-37.05523679,empty,47,0,0
39,ZXC098,20200321T010139,-10.90302119,-37.05577409,empty,47,0,0
40,ZXC098,20200321T010140,-10.90301391,-37.05644991,empty,47,0,0
41,ZXC098,20200321T010141,-10.90302219,-37.05688601,empty,47,0,0
42,ZXC098,20200321T010142,-10.90309221,-37.05697072,empty,47,0,0
43,ZXC098,20200321T010143,-10.90327933,-37.0569431,empty,47,0,0
44,ZXC098,20200321T010144,-10.90360731,-37.05696071,empty,47,0,0
45,ZXC098,20200321T010145,-10.90386618,-37.05698096,empty,47,0,0
46,ZXC098,20200321T010146,-10.90403636,-37.05698828,empty,47,0,0
47,ZXC098,20200321T010546,-10.90438941,-37.05698726,empty,47,0,0
48,ZXC098,20200321T010547,-10.90464229,-37.05699391,empty,47,0,0
49,ZXC098,20200321T010548,-10.90497933,-37.05700215,empty,47,0,0
50,ZXC098,20200321T010549,-10.90506907,-37.05700768,empty,47,0,0
51,ZXC098,20200321T010550,-10.90507399,-37.05699603,empty,47,0,0
52,ZXC098,20200321T010551,-10.90506006,-37.05699587,empty,47,0,0
53,ZXC098,20200321T010552,-10.90506347,-37.0570952,empty,47,0,0
54,ZXC098,20200321T010553,-10.90509722,-37.05745983,empty,47,0,0
55,ZXC098,20200321T010554,-10.90516543,-37.05788759,empty,47,0,0
56,ZXC098,20200321T010801,-10.90524676,-37.05809377,empty,47,0,0
57,ZXC098,20200321T010802,-10.90528809,-37.05801303,empty,47,0,0
58,ZXC098,20200321T010803,-10.90527273,-37.0576801,empty,47,0,0
59,ZXC098,20200321T010804,-10.90555751,-37.05759527,empty,47,0,0
60,ZXC098,20200321T010805,-10.90570291,-37.05761265,empty,47,0,0
61,ZXC098,20200321T010806,-10.90571397,-37.0576089,empty,47,0,0
62,ZXC098,20200321T010807,-10.90570924,-37.0576036,empty,47,0,0
63,ZXC098,20200321T010808,-10.90580789,-37.0575922,empty,47,0,0
64,ZXC098,20200321T010809,-10.90607444,-37.05758588,empty,47,0,0
65,ZXC098,20200321T010810,-10.90649098,-37.0575744,empty,47,0,0
66,ZXC098,20200321T010811,-10.90696887,-37.05755404,empty,47,0,0
67,ZXC098,20200321T010812,-10.90755889,-37.05755247,empty,47,0,0
68,ZXC098,20200321T010813,-10.90807263,-37.05754979,empty,47,0,0
69,ZXC098,20200321T010814,-10.90860522,-37.05753466,empty,47,0,0
70,ZXC098,20200321T010815,-10.90920766,-37.0575367,empty,47,0,0
71,ZXC098,20200321T010816,-10.90966537,-37.0575476,empty,47,0,0
72,ZXC098,20200321T010817,-10.90993147,-37.05752628,empty,47,0,0
73,ZXC098,20200321T010818,-10.91005308,-37.05755054,empty,47,0,0
74,ZXC098,20200321T010819,-10.91004185,-37.05755398,empty,47,0,0
75,ZXC098,20200321T010820,-10.91003964,-37.05755458,empty,47,0,0
76,ZXC098,20200321T010821,-10.91003976,-37.05755471,empty,47,0,0
77,ZXC098,20200321T010822,-10.91007185,-37.05755416,empty,47,0,0
78,ZXC098,20200321T010823,-10.91031127,-37.05754094,empty,47,0,0
79,ZXC098,20200321T010824,-10.91078119,-37.05751856,empty,47,0,0
80,ZXC098,20200321T010825,-10.91146856,-37.05751056,empty,47,0,0
81,ZXC098,20200321T010826,-10.91204248,-37.05752017,empty,47,0,0
82,ZXC098,20200321T010827,-10.9122562,-37.05752295,empty,47,0,0
83,ZXC098,20200321T010828,-10.91241178,-37.05753988,empty,47,0,0
84,ZXC098,20200321T010829,-10.91272204,-37.05752197,empty,47,0,0
85,ZXC098,20200321T010830,-10.91313836,-37.05747955,empty,47,0,0
86,ZXC098,20200321T010831,-10.9136125,-37.05745571,empty,47,0,0
87,ZXC098,20200321T010832,-10.91387221,-37.05743449,empty,47,0,0
88,ZXC098,20200321T010833,-10.91386929,-37.0574327,empty,47,0,0
89,ZXC098,20200321T010834,-10.91386647,-37.05742901,empty,47,0,0
90,ZXC098,20200321T010835,-10.91386708,-37.05742898,empty,47,0,0
91,ZXC098,20200321T010836,-10.91386702,-37.05742903,empty,47,0,0
92,ZXC098,20200321T010837,-10.913867,-37.05742917,empty,47,0,0
93,ZXC098,20200321T010838,-10.91386696,-37.05742916,empty,47,0,0
94,ZXC098,20200321T010839,-10.9138681,-37.05742925,empty,47,0,0
95,ZXC098,20200321T010840,-10.91410484,-37.05742335,empty,47,0,0
96,ZXC098,20200321T010841,-10.91455463,-37.05743176,empty,47,0,0
97,ZXC098,20200321T010842,-10.91520023,-37.05742975,empty,47,0,0
98,ZXC098,20200321T010843,-10.91580364,-37.05740966,empty,47,0,0
99,ZXC098,20200321T010844,-10.91654206,-37.05740436,empty,47,0,0
100,ZXC098,20200321T010845,-10.91712089,-37.05739819,empty,47,0,0
101,ZXC098,20200321T010846,-10.91763943,-37.05739159,empty,47,0,0
102,ZXC098,20200321T010847,-10.91797614,-37.05739711,empty,47,0,0
103,ZXC098,20200321T010848,-10.91801253,-37.05740515,empty,47,0,0
104,ZXC098,20200321T010849,-10.91800629,-37.05740431,empty,47,0,0
105,ZXC098,20200321T010850,-10.91800102,-37.05739474,empty,47,0,0
106,ZXC098,20200321T010851,-10.91800088,-37.05739453,empty,47,0,0
107,ZXC098,20200321T010852,-10.91800088,-37.05739452,empty,47,0,0
108,ZXC098,20200321T010853,-10.91800087,-37.05739462,empty,47,0,0
109,ZXC098,20200321T010854,-10.91800074,-37.05739471,empty,47,0,0
110,ZXC098,20200321T010855,-10.91817376,-37.05738804,empty,47,0,0
111,ZXC098,20200321T010856,-10.91858285,-37.05739372,empty,47,0,0
112,ZXC098,20200321T010857,-10.91903855,-37.05739347,empty,47,0,0
113,ZXC098,20200321T010858,-10.91974556,-37.05738168,empty,47,0,0
114,ZXC098,20200321T010859,-10.92036369,-37.05736984,empty,47,0,0
115,ZXC098,20200321T011000,-10.92095458,-37.05736093,empty,47,0,0
116,ZXC098,20200321T011001,-10.92154024,-37.05735855,empty,47,0,0
117,ZXC098,20200321T011002,-10.92218018,-37.05735121,empty,47,0,0
118,ZXC098,20200321T011003,-10.92262345,-37.05735259,empty,47,0,0
119,ZXC098,20200321T011004,-10.92306965,-37.05735708,empty,47,0,0
120,ZXC098,20200321T011005,-10.9237247,-37.05735436,empty,47,0,0
121,ZXC098,20200321T011006,-10.92430495,-37.05735555,empty,47,0,0
122,ZXC098,20200321T011007,-10.92484106,-37.05733175,empty,47,0,0
123,ZXC098,20200321T011008,-10.9254525,-37.05743987,empty,47,0,0
124,ZXC098,20200321T011009,-10.9259015,-37.05783669,empty,47,0,0
125,ZXC098,20200321T011010,-10.92613526,-37.05803215,empty,47,0,0
126,ZXC098,20200321T011011,-10.92615762,-37.05805919,empty,47,0,0
127,ZXC098,20200321T011012,-10.92615773,-37.05806781,empty,47,0,0
128,ZXC098,20200321T011013,-10.92615864,-37.05807354,empty,47,0,0
129,ZXC098,20200321T011014,-10.9261587,-37.05807381,empty,47,0,0
130,ZXC098,20200321T011015,-10.92615873,-37.05807396,empty,47,0,0
131,ZXC098,20200321T011016,-10.92624323,-37.05813988,empty,47,0,0
132,ZXC098,20200321T011017,-10.92648175,-37.05835367,empty,47,0,0
133,ZXC098,20200321T011018,-10.92690423,-37.05871563,empty,47,0,0
134,ZXC098,20200321T011019,-10.92739562,-37.05916371,empty,47,0,0
135,ZXC098,20200321T011020,-10.92792359,-37.05960983,empty,47,0,0
136,ZXC098,20200321T011021,-10.92846179,-37.06006605,empty,47,0,0
137,ZXC098,20200321T011022,-10.92908445,-37.06034855,empty,47,0,0
138,ZXC098,20200321T011023,-10.92951417,-37.06050941,empty,47,0,0
139,ZXC098,20200321T011024,-10.9297746,-37.06062962,empty,47,0,0
140,ZXC098,20200321T011025,-10.93014284,-37.06078828,empty,47,0,0
141,ZXC098,20200321T011026,-10.93061031,-37.06101497,empty,47,0,0
142,ZXC098,20200321T011027,-10.9312467,-37.06122397,empty,47,0,0
143,ZXC098,20200321T011028,-10.93195975,-37.061498,empty,47,0,0
144,ZXC098,20200321T011029,-10.93254604,-37.06170212,empty,47,0,0
145,ZXC098,20200321T011030,-10.93305625,-37.0618802,empty,47,0,0
146,ZXC098,20200321T011031,-10.93324462,-37.0619517,empty,47,0,0
147,ZXC098,20200321T011032,-10.93324392,-37.06193623,empty,47,0,0
148,ZXC098,20200321T011033,-10.93342598,-37.06203705,empty,47,0,0
149,ZXC098,20200321T011034,-10.93372273,-37.06215583,empty,47,0,0
150,ZXC098,20200321T011035,-10.9341542,-37.06241329,empty,47,0,0
151,ZXC098,20200321T011036,-10.93463682,-37.06271015,empty,47,0,0
152,ZXC098,20200321T011037,-10.93521146,-37.06291555,empty,47,0,0
153,ZXC098,20200321T011038,-10.93583086,-37.06298292,empty,47,0,0
154,ZXC098,20200321T011039,-10.93643914,-37.06300137,empty,47,0,0
155,ZXC098,20200321T011040,-10.93696537,-37.06311304,empty,47,0,0
156,ZXC098,20200321T011041,-10.93742607,-37.06340082,empty,47,0,0
157,ZXC098,20200321T011042,-10.93807974,-37.0635898,empty,47,0,0
158,ZXC098,20200321T011043,-10.93877524,-37.06369765,empty,47,0,0
159,ZXC098,20200321T011044,-10.93946496,-37.06403517,empty,47,0,0
160,ZXC098,20200321T011045,-10.94010576,-37.06473157,empty,47,0,0
161,ZXC098,20200321T011046,-10.94066651,-37.06537413,empty,47,0,0
162,ZXC098,20200321T011047,-10.94100124,-37.06579414,empty,47,0,0
163,ZXC098,20200321T011048,-10.94113281,-37.06594683,empty,47,0,0
164,ZXC098,20200321T011049,-10.94130623,-37.06607469,empty,47,0,0
165,ZXC098,20200321T011050,-10.94152867,-37.06635442,empty,47,0,0
166,ZXC098,20200321T011051,-10.94184126,-37.06672218,empty,47,0,0
167,ZXC098,20200321T011052,-10.941939,-37.06683402,empty,47,0,0
168,ZXC098,20200321T011053,-10.94194583,-37.06682702,empty,47,0,0
169,ZXC098,20200321T011054,-10.94193203,-37.06682834,empty,47,0,0
170,ZXC098,20200321T011055,-10.94193237,-37.06682889,empty,47,0,0
171,ZXC098,20200321T011056,-10.94193237,-37.06682915,empty,47,0,0
172,ZXC098,20200321T011057,-10.94193244,-37.06682943,empty,47,0,0
173,ZXC098,20200321T011058,-10.94193282,-37.06683002,empty,47,0,0
174,ZXC098,20200321T011059,-10.94204458,-37.06697732,empty,47,0,0
175,ZXC098,20200321T011200,-10.94226467,-37.06725797,empty,47,0,0
176,ZXC098,20200321T011201,-10.94268395,-37.06770504,empty,47,0,0
177,ZXC098,20200321T011202,-10.943173,-37.06826886,empty,47,0,0
178,ZXC098,20200321T011203,-10.94362983,-37.06881549,empty,47,0,0
179,ZXC098,20200321T011204,-10.9440093,-37.06924585,empty,47,0,0
180,ZXC098,20200321T011205,-10.94434408,-37.06965748,empty,47,0,0
181,ZXC098,20200321T011206,-10.94468652,-37.07004749,empty,47,0,0
182,ZXC098,20200321T011207,-10.94502274,-37.07047478,empty,47,0,0
183,ZXC098,20200321T011208,-10.94544007,-37.07097697,empty,47,0,0
184,ZXC098,20200321T011209,-10.94580374,-37.07132123,empty,47,0,0
185,ZXC098,20200321T011210,-10.94614893,-37.0717186,empty,47,0,0
186,ZXC098,20200321T011211,-10.9464278,-37.07204595,empty,47,0,0
187,ZXC098,20200321T011212,-10.94682858,-37.072567,empty,47,0,0
188,ZXC098,20200321T011213,-10.9471758,-37.073078,empty,47,0,0
189,ZXC098,20200321T011214,-10.94738801,-37.07348217,empty,47,0,0
190,ZXC098,20200321T011215,-10.947266,-37.07370164,empty,47,0,0
191,ZXC098,20200321T011216,-10.94697445,-37.07360331,empty,47,0,0
192,ZXC098,20200321T011217,-10.94711995,-37.07335416,empty,47,0,0
193,ZXC098,20200321T011218,-10.94750909,-37.07299502,empty,47,0,0
194,ZXC098,20200321T011219,-10.94786159,-37.07284255,empty,47,0,0
195,ZXC098,20200321T011220,-10.94779063,-37.07320155,empty,47,0,0
196,ZXC098,20200321T011221,-10.9474597,-37.073063,empty,47,0,0
197,ZXC098,20200321T011222,-10.94721316,-37.07284459,empty,47,0,0
198,ZXC098,20200321T011223,-10.94690314,-37.07243506,empty,47,0,0
199,ZXC098,20200321T011224,-10.94658237,-37.07200908,empty,47,0,0
200,ZXC098,20200321T011225,-10.94622006,-37.07155464,empty,47,0,0
201,ZXC098,20200321T011226,-10.94637868,-37.07129699,empty,47,0,0
202,ZXC098,20200321T011227,-10.94668607,-37.07102357,empty,47,0,0
203,ZXC098,20200321T011228,-10.94683361,-37.07096635,empty,47,0,0
204,ZXC098,20200321T011229,-10.9467552,-37.07108926,empty,47,0,0
205,ZXC098,20200321T011230,-10.94674316,-37.07124359,empty,47,0,0
206,ZXC098,20200321T011231,-10.94687095,-37.07138545,empty,47,0,0
207,ZXC098,20200321T011232,-10.94701894,-37.07154374,empty,47,0,0
208,ZXC098,20200321T011233,-10.94726318,-37.07149202,empty,47,0,0
209,ZXC098,20200321T011234,-10.94738018,-37.07133287,empty,47,0,0
210,ZXC098,20200321T011235,-10.94741948,-37.07116378,empty,47,0,0
211,ZXC098,20200321T011236,-10.94738828,-37.0710937,empty,47,0,0
212,ZXC098,20200321T011237,-10.94740176,-37.07110959,empty,47,0,0
213,ZXC098,20200321T011238,-10.94740651,-37.07111904,empty,47,0,0
214,ZXC098,20200321T011239,-10.9474044,-37.07114198,empty,47,0,0
215,ZXC098,20200321T011240,-10.94740427,-37.07114874,empty,47,0,0
216,ZXC098,20200321T011241,-10.94740419,-37.07114875,empty,47,0,0
217,ZXC098,20200321T011242,-10.94740421,-37.07114872,empty,47,0,0
218,ZXC098,20200321T011243,-10.94738064,-37.07111784,empty,47,0,0
219,ZXC098,20200321T011244,-10.94730905,-37.07102688,empty,47,0,0
220,ZXC098,20200321T011245,-10.94721781,-37.07091015,empty,47,0,0
221,ZXC098,20200321T011246,-10.94707886,-37.07081713,empty,47,0,0
222,ZXC098,20200321T011247,-10.9469778,-37.07088307,empty,47,0,0
223,ZXC098,20200321T011248,-10.94688606,-37.07091845,empty,47,0,0
224,ZXC098,20200321T011249,-10.89671512,-37.05339375,loaded,153,-11,28
225,ZXC098,20200321T011500,-10.89671518,-37.05339425,loaded,153,-11,28
226,ZXC098,20200321T011501,-10.89673162,-37.05336066,loaded,153,-11,28
227,ZXC098,20200321T011502,-10.89670295,-37.053348,loaded,153,-11,28
228,ZXC098,20200321T011503,-10.89666963,-37.05338382,loaded,153,-11,28
229,ZXC098,20200321T011504,-10.89664827,-37.05341154,loaded,153,-11,28
230,ZXC098,20200321T011505,-10.89661997,-37.05344404,loaded,153,-11,28
231,ZXC098,20200321T011506,-10.89661397,-37.05345297,loaded,153,-11,28
232,ZXC098,20200321T011507,-10.89662147,-37.05343659,loaded,153,-11,28
233,ZXC098,20200321T011508,-10.89661683,-37.05344373,loaded,153,-11,28
234,ZXC098,20200321T011509,-10.89671723,-37.05336609,loaded,153,-11,28
235,ZXC098,20200321T011510,-10.89669434,-37.05334582,loaded,153,-11,28
236,ZXC098,20200321T011511,-10.89667555,-37.05337049,loaded,153,-11,28
237,ZXC098,20200321T011512,-10.89667274,-37.05336026,loaded,153,-11,28
238,ZXC098,20200321T011513,-10.89667571,-37.05335844,loaded,153,-11,28
239,ZXC098,20200321T011514,-10.89663516,-37.05334766,loaded,153,-11,28
240,ZXC098,20200321T011515,-10.8965034,-37.05331041,loaded,153,-11,28
241,ZXC098,20200321T011516,-10.89632281,-37.05328941,loaded,153,-11,28
242,ZXC098,20200321T011517,-10.89622852,-37.0532732,loaded,153,-11,28
243,ZXC098,20200321T011518,-10.8962242,-37.05327471,loaded,153,-11,28
244,ZXC098,20200321T011519,-10.89618482,-37.05311839,loaded,153,-11,28
245,ZXC098,20200321T011520,-10.89612534,-37.05285374,loaded,153,-11,28
246,ZXC098,20200321T011521,-10.8960875,-37.05275179,loaded,153,-11,28
247,ZXC098,20200321T011522,-10.89610592,-37.05275963,loaded,153,-11,30
248,ZXC098,20200321T011523,-10.89600143,-37.0527253,loaded,153,-11,30
249,ZXC098,20200321T011723,-10.89571663,-37.0527298,loaded,153,-11,30
250,ZXC098,20200321T011724,-10.89529907,-37.05264549,loaded,153,-11,30
251,ZXC098,20200321T011725,-10.89501463,-37.05236979,loaded,153,-11,30
252,ZXC098,20200321T011726,-10.89509844,-37.05194053,loaded,153,-11,30
253,ZXC098,20200321T011727,-10.89518841,-37.05150734,loaded,153,-11,30
254,ZXC098,20200321T011728,-10.8952672,-37.05131369,loaded,153,-11,30
255,ZXC098,20200321T011729,-10.89525691,-37.05132673,loaded,153,-11,30
256,ZXC098,20200321T011730,-10.89531285,-37.05130646,loaded,153,-11,30
257,ZXC098,20200321T011731,-10.89554753,-37.05121018,loaded,153,-11,30
258,ZXC098,20200321T011732,-10.8958669,-37.05116584,loaded,153,-11,30
259,ZXC098,20200321T011733,-10.89636426,-37.05108115,loaded,153,-11,30
260,ZXC098,20200321T011734,-10.89680773,-37.05100172,loaded,153,-11,30
261,ZXC098,20200321T011735,-10.89723684,-37.05092556,loaded,153,-11,30
262,ZXC098,20200321T011736,-10.89770013,-37.0509153,loaded,153,-11,30
263,ZXC098,20200321T011737,-10.89802389,-37.05084124,loaded,153,-11,30
264,ZXC098,20200321T011738,-10.89840157,-37.05076919,loaded,153,-11,30
265,ZXC098,20200321T011739,-10.89884988,-37.05072401,loaded,153,-11,30
266,ZXC098,20200321T012010,-10.89911541,-37.05066363,loaded,153,-11,30
267,ZXC098,20200321T012011,-10.8993749,-37.05065346,loaded,153,-11,30
268,ZXC098,20200321T012012,-10.89959176,-37.05060865,loaded,153,-11,30
269,ZXC098,20200321T012013,-10.89995329,-37.05053219,loaded,153,-11,30
270,ZXC098,20200321T012014,-10.9005497,-37.05045489,loaded,153,-11,30
271,ZXC098,20200321T012015,-10.90108509,-37.05038526,loaded,153,-11,30
272,ZXC098,20200321T012016,-10.9015713,-37.05030184,loaded,153,-11,30
273,ZXC098,20200321T012017,-10.90199252,-37.05036057,loaded,153,-11,30
274,ZXC098,20200321T012018,-10.90210259,-37.05038381,loaded,153,-11,30
275,ZXC098,20200321T012019,-10.9020629,-37.05039336,loaded,153,-11,30
276,ZXC098,20200321T012020,-10.90206934,-37.05039859,loaded,153,-11,30
277,ZXC098,20200321T012021,-10.90207245,-37.05040415,loaded,153,-11,30
278,ZXC098,20200321T012022,-10.90207184,-37.0504052,loaded,153,-11,30
279,ZXC098,20200321T012023,-10.90207182,-37.0504055,loaded,153,-11,30
280,ZXC098,20200321T012024,-10.90207158,-37.05040538,loaded,153,-11,30
281,ZXC098,20200321T012025,-10.9020717,-37.05040545,loaded,153,-11,30
282,ZXC098,20200321T012026,-10.90207183,-37.05040533,loaded,153,-11,30
283,ZXC098,20200321T012027,-10.90207177,-37.05040584,loaded,153,-11,30
284,ZXC098,20200321T012028,-10.90215385,-37.05039264,loaded,153,-11,30
285,ZXC098,20200321T012029,-10.90232844,-37.05039233,loaded,153,-11,30
286,ZXC098,20200321T012030,-10.90268281,-37.05047584,loaded,153,-11,30
287,ZXC098,20200321T012031,-10.90312851,-37.05044312,loaded,153,-11,30
288,ZXC098,20200321T012231,-10.90357086,-37.05047865,loaded,153,-11,30
289,ZXC098,20200321T012232,-10.90385627,-37.05046279,loaded,153,-11,30
290,ZXC098,20200321T012233,-10.90415827,-37.05036719,loaded,153,-11,30
291,ZXC098,20200321T012234,-10.90426436,-37.0499596,loaded,153,-11,30
292,ZXC098,20200321T012235,-10.90425909,-37.04956356,loaded,153,-11,30
293,ZXC098,20200321T012236,-10.90425884,-37.04927786,loaded,153,-11,30
294,ZXC098,20200321T012237,-10.90425227,-37.04897033,loaded,153,-11,30
295,ZXC098,20200321T012238,-10.90421334,-37.04850999,loaded,153,-11,30
296,ZXC098,20200321T012239,-10.90425277,-37.04822096,loaded,153,-11,30
297,ZXC098,20200321T012240,-10.90464089,-37.04816821,loaded,153,-11,30
298,ZXC098,20200321T012241,-10.90510212,-37.04816683,loaded,153,-11,30
299,ZXC098,20200321T012242,-10.905777,-37.04820034,loaded,153,-11,30
300,ZXC098,20200321T012243,-10.9066,-37.04819922,loaded,153,-11,30
301,ZXC098,20200321T012244,-10.90729458,-37.04821252,loaded,153,-11,30
302,ZXC098,20200321T012245,-10.90774592,-37.04810157,loaded,153,-11,28
303,ZXC098,20200321T012246,-10.90791252,-37.04807945,loaded,153,-11,28
304,ZXC098,20200321T012247,-10.90793707,-37.04809462,loaded,153,-11,28
305,ZXC098,20200321T012248,-10.90793955,-37.04809441,loaded,153,-11,28
306,ZXC098,20200321T012249,-10.90794325,-37.04810169,loaded,153,-11,28
307,ZXC098,20200321T012250,-10.90816558,-37.04803789,loaded,153,-11,28
308,ZXC098,20200321T012251,-10.90842849,-37.04803283,loaded,153,-11,28
309,ZXC098,20200321T012252,-10.90863377,-37.04805608,loaded,153,-11,28
310,ZXC098,20200321T012253,-10.90912055,-37.04796399,loaded,153,-11,28
311,ZXC098,20200321T012254,-10.90939684,-37.04802029,loaded,153,-11,28
312,ZXC098,20200321T012255,-10.91038268,-37.04804871,loaded,153,-11,28
313,ZXC098,20200321T012256,-10.91090831,-37.04799044,loaded,153,-11,28
314,ZXC098,20200321T012257,-10.91146112,-37.04802456,loaded,153,-11,28
315,ZXC098,20200321T012258,-10.91196841,-37.04799063,loaded,153,-11,28
316,ZXC098,20200321T012314,-10.91256011,-37.04798353,loaded,153,-11,28
317,ZXC098,20200321T012315,-10.91299323,-37.04789448,loaded,153,-11,28
318,ZXC098,20200321T012316,-10.91349811,-37.04781972,loaded,153,-11,28
319,ZXC098,20200321T012317,-10.91417123,-37.04779316,loaded,153,-11,28
320,ZXC098,20200321T012318,-10.91476935,-37.04781276,loaded,153,-11,28
321,ZXC098,20200321T012319,-10.915576,-37.0477471,loaded,153,-11,28
322,ZXC098,20200321T012320,-10.91616986,-37.04758669,loaded,153,-11,28
323,ZXC098,20200321T012321,-10.91694238,-37.04740112,loaded,153,-11,28
324,ZXC098,20200321T012322,-10.91745341,-37.04721836,loaded,153,-11,28
325,ZXC098,20200321T012323,-10.91786278,-37.04704302,loaded,153,-11,28
326,ZXC098,20200321T012324,-10.91782958,-37.04702066,loaded,153,-11,28
327,ZXC098,20200321T012325,-10.9178262,-37.0470092,loaded,153,-11,28
328,ZXC098,20200321T012326,-10.9178217,-37.04700811,loaded,153,-11,28
329,ZXC098,20200321T012327,-10.91782336,-37.04700672,loaded,153,-11,28
330,ZXC098,20200321T012328,-10.91782608,-37.04700415,loaded,153,-11,28
331,ZXC098,20200321T012329,-10.91804446,-37.04690019,loaded,153,-11,28
332,ZXC098,20200321T012330,-10.91850152,-37.04679985,loaded,153,-11,28
333,ZXC098,20200321T012331,-10.91892531,-37.04664703,loaded,153,-11,28
334,ZXC098,20200321T012332,-10.91941801,-37.0464622,loaded,153,-11,28
335,ZXC098,20200321T012333,-10.91997488,-37.04628182,loaded,153,-11,28
336,ZXC098,20200321T012334,-10.9206891,-37.04591255,loaded,153,-11,28
337,ZXC098,20200321T012335,-10.92142925,-37.04562939,loaded,153,-11,28
338,ZXC098,20200321T012336,-10.92217942,-37.04527224,loaded,153,-11,28
339,ZXC098,20200321T012337,-10.92290312,-37.04491776,loaded,153,-11,28
340,ZXC098,20200321T012338,-10.92361621,-37.04468169,loaded,153,-11,28
341,ZXC098,20200321T012339,-10.92383426,-37.04461164,loaded,153,-11,28
342,ZXC098,20200321T012340,-10.92384811,-37.04462568,loaded,153,-11,28
343,ZXC098,20200321T012341,-10.92383904,-37.04461969,loaded,153,-11,28
344,ZXC098,20200321T012342,-10.92383626,-37.04461825,loaded,153,-11,28
345,ZXC098,20200321T012442,-10.92395638,-37.04460969,loaded,153,-11,28
346,ZXC098,20200321T012443,-10.92421535,-37.04451774,loaded,153,-11,28
347,ZXC098,20200321T012444,-10.9245269,-37.04436424,loaded,153,-11,28
348,ZXC098,20200321T012445,-10.92492761,-37.04421764,loaded,153,-11,28
349,ZXC098,20200321T012446,-10.92571353,-37.04392465,loaded,153,-11,28
350,ZXC098,20200321T012447,-10.92639658,-37.04364921,loaded,153,-11,28
351,ZXC098,20200321T012448,-10.92697873,-37.04345965,loaded,153,-11,28
352,ZXC098,20200321T012449,-10.9275958,-37.04329578,loaded,153,-11,28
353,ZXC098,20200321T012450,-10.92827904,-37.04355393,loaded,153,-11,28
354,ZXC098,20200321T012451,-10.92873345,-37.04398553,loaded,153,-11,28
355,ZXC098,20200321T012501,-10.9291743,-37.04463715,loaded,153,-11,28
356,ZXC098,20200320T011501,-10.9295604,-37.04519268,empty,153,0,0
357,ZXC098,20200320T011502,-10.92995905,-37.04583228,empty,153,0,0
358,ZXC098,20200320T011503,-10.93029671,-37.04627753,empty,153,0,0
359,ZXC098,20200320T011504,-10.93054077,-37.04665024,empty,153,0,0
360,ZXC098,20200320T011505,-10.93070123,-37.04684559,empty,153,0,0
361,ZXC098,20200320T011506,-10.93069475,-37.04677718,empty,153,0,0
362,ZXC098,20200320T011507,-10.93070971,-37.04675815,empty,153,0,0
363,ZXC098,20200320T011508,-10.9307016,-37.04676427,empty,153,0,0
364,ZXC098,20200320T011509,-10.93070004,-37.04676404,empty,153,0,0
365,ZXC098,20200320T011510,-10.93070024,-37.04676839,empty,153,0,0
366,ZXC098,20200320T011511,-10.93070169,-37.04676963,empty,153,0,0
367,ZXC098,20200320T011512,-10.93070149,-37.04676963,empty,153,0,0
368,ZXC098,20200320T011513,-10.93070194,-37.04676977,empty,153,0,0
369,ZXC098,20200320T011514,-10.93070368,-37.04677013,empty,153,0,0
370,ZXC098,20200320T011515,-10.93074275,-37.04688639,empty,153,0,0
371,ZXC098,20200320T011516,-10.9310302,-37.04721604,empty,153,0,0
372,ZXC098,20200320T011517,-10.9313702,-37.04775085,empty,153,0,0
373,ZXC098,20200320T011518,-10.93187453,-37.04824045,empty,153,0,0
374,ZXC098,20200320T011519,-10.93250812,-37.04867323,empty,153,0,0
375,ZXC098,20200320T011520,-10.93303756,-37.04919556,empty,153,0,0
376,ZXC098,20200320T011521,-10.93354027,-37.04965571,empty,153,0,0
377,ZXC098,20200320T011522,-10.93409877,-37.04995404,empty,153,0,0
378,ZXC098,20200320T011523,-10.93455175,-37.05018686,empty,153,0,0
379,ZXC098,20200320T011524,-10.93489108,-37.05047636,empty,153,0,0
380,ZXC098,20200320T011525,-10.93498196,-37.05060864,empty,153,0,0
381,ZXC098,20200320T011526,-10.9350173,-37.05059057,empty,153,0,0
382,ZXC098,20200320T011527,-10.93501142,-37.05060121,empty,153,0,0
383,ZXC098,20200320T011528,-10.93500863,-37.0505847,empty,153,0,0
384,ZXC098,20200320T011529,-10.93500994,-37.05058821,empty,153,0,0
385,ZXC098,20200320T011530,-10.9350091,-37.05058513,empty,153,0,0
386,ZXC098,20200320T011531,-10.93500892,-37.05058503,empty,153,0,0
387,ZXC098,20200320T011532,-10.93500873,-37.05058568,empty,153,0,0
388,ZXC098,20200320T011533,-10.9350085,-37.05058601,empty,153,0,0
389,ZXC098,20200320T011534,-10.93500829,-37.0505862,empty,153,0,0
390,ZXC098,20200320T011535,-10.93500823,-37.05058637,empty,153,0,0
391,ZXC098,20200320T011536,-10.93500822,-37.05058673,empty,153,0,0
392,ZXC098,20200320T011537,-10.9350082,-37.05058685,empty,153,0,0
393,ZXC098,20200320T011538,-10.935008,-37.05058888,empty,153,0,0
394,ZXC098,20200320T011539,-10.93500797,-37.05058926,empty,153,0,0
395,ZXC098,20200320T011540,-10.93500787,-37.0505904,empty,153,0,0
396,ZXC098,20200320T011541,-10.93500789,-37.05059019,empty,153,0,0
397,ZXC098,20200320T011542,-10.9350748,-37.05057229,empty,153,0,0
398,ZXC098,20200320T011543,-10.93554628,-37.05052769,empty,153,0,0
399,ZXC098,20200320T011544,-10.93619607,-37.05056547,empty,153,0,0
400,ZXC098,20200320T011545,-10.93673071,-37.05062876,empty,153,0,0
401,ZXC098,20200320T011546,-10.93748146,-37.05075843,empty,153,0,0
402,ZXC098,20200320T011547,-10.93815691,-37.05077808,empty,153,0,0
403,ZXC098,20200320T011548,-10.93902818,-37.05088813,empty,153,0,0
404,ZXC098,20200320T011549,-10.93993009,-37.05102904,empty,153,0,0
405,ZXC098,20200320T011550,-10.94074464,-37.05123132,empty,153,0,0
406,ZXC098,20200320T011551,-10.9415581,-37.0511741,empty,153,0,0
407,ZXC098,20200320T011552,-10.94236268,-37.05121725,empty,153,0,0
408,ZXC098,20200320T011553,-10.9430579,-37.05125071,empty,153,0,0
409,ZXC098,20200320T011554,-10.94403125,-37.05121487,empty,153,0,0
410,ZXC098,20200320T011555,-10.94490456,-37.05119636,empty,153,0,0
411,ZXC098,20200320T011556,-10.94571714,-37.05121542,empty,153,0,0
412,ZXC098,20200320T011557,-10.9465164,-37.05120545,empty,153,0,0
413,ZXC098,20200320T011558,-10.94744917,-37.05123758,empty,153,0,0
414,ZXC098,20200320T011559,-10.94822543,-37.05133114,empty,153,0,0
415,ZXC098,20200320T011600,-10.94900586,-37.0514402,empty,153,0,0
416,ZXC098,20200320T011601,-10.94995533,-37.05164427,empty,153,0,0
417,ZXC098,20200320T011602,-10.9510616,-37.05189643,empty,153,0,0
418,ZXC098,20200320T011603,-10.95183492,-37.05204796,empty,153,0,0
419,ZXC098,20200320T011604,-10.95259691,-37.0521831,empty,153,0,0
420,ZXC098,20200320T011605,-10.95328232,-37.05239798,empty,153,0,0
421,ZXC098,20200320T011606,-10.95400039,-37.05269195,empty,153,0,0
422,ZXC098,20200320T011607,-10.95432125,-37.05288429,empty,153,0,0
423,ZXC098,20200320T011608,-10.95441178,-37.05294939,empty,153,0,0
424,ZXC098,20200320T011609,-10.95443389,-37.05296083,empty,153,0,0
425,ZXC098,20200320T011610,-10.95444269,-37.05295871,empty,153,0,0
426,ZXC098,20200320T011611,-10.95444296,-37.05295947,empty,153,0,0
427,ZXC098,20200320T011612,-10.95444264,-37.0529593,empty,153,0,0
428,ZXC098,20200320T011613,-10.95444258,-37.05295923,empty,153,0,0
429,ZXC098,20200320T011614,-10.95444278,-37.05295921,empty,153,0,0
430,ZXC098,20200320T011615,-10.95444279,-37.05295926,empty,153,0,0
431,ZXC098,20200320T011616,-10.95444282,-37.05295909,empty,153,0,0
432,ZXC098,20200320T011617,-10.95444281,-37.052959,empty,153,0,0
433,ZXC098,20200320T011618,-10.95444286,-37.0529589,empty,153,0,0
434,ZXC098,20200320T011619,-10.95444299,-37.05295869,empty,153,0,0
435,ZXC098,20200320T011620,-10.95446928,-37.05293858,empty,153,0,0
436,ZXC098,20200320T011621,-10.95447992,-37.05294154,empty,153,0,0
437,ZXC098,20200320T011622,-10.95447964,-37.05294375,empty,153,0,0
438,ZXC098,20200320T011623,-10.95447999,-37.05294381,empty,153,0,0
439,ZXC098,20200320T011624,-10.95448,-37.05294394,empty,153,0,0
440,ZXC098,20200320T011625,-10.95448001,-37.05294382,empty,153,0,0
441,ZXC098,20200320T011626,-10.95447986,-37.05294407,empty,153,0,0
442,ZXC098,20200320T011627,-10.95447965,-37.05294403,empty,153,0,0
443,ZXC098,20200320T011628,-10.95447962,-37.05294399,empty,153,0,0
444,ZXC098,20200320T011629,-10.95447951,-37.05294412,empty,153,0,0
445,ZXC098,20200320T011630,-10.95461699,-37.0530103,empty,153,0,0
446,ZXC098,20200320T011631,-10.9548119,-37.05315908,empty,153,0,0
447,ZXC098,20200320T011632,-10.95488167,-37.05349204,empty,153,0,0
448,ZXC098,20200320T011633,-10.95460413,-37.05388508,empty,153,0,0
449,ZXC098,20200320T011634,-10.95431241,-37.05434697,empty,153,0,0
450,ZXC098,20200320T011635,-10.95393327,-37.05495409,empty,153,0,0
451,ZXC098,20200320T011636,-10.95347384,-37.05560072,empty,153,0,0
452,ZXC098,20200320T011637,-10.95312442,-37.05614151,empty,153,0,0
453,ZXC098,20200320T011638,-10.95279599,-37.05696799,empty,153,0,0
454,ZXC098,20200320T011639,-10.95260996,-37.05772359,empty,153,0,0
455,ZXC098,20200320T011640,-10.95244233,-37.05854138,empty,153,0,0
456,ZXC098,20200320T011641,-10.95230899,-37.05915932,empty,153,0,0
457,ZXC098,20200320T011642,-10.95221917,-37.05969461,empty,153,0,0
458,ZXC098,20200320T011643,-10.95209535,-37.06022228,empty,153,0,0
459,ZXC098,20200320T011644,-10.95195757,-37.06100979,empty,153,0,0
460,ZXC098,20200320T011645,-10.9518548,-37.06165064,empty,153,0,0
461,ZXC098,20200320T011646,-10.95174333,-37.06228017,empty,153,0,0
462,ZXC098,20200320T011647,-10.95160994,-37.0630326,empty,153,0,0
463,ZXC098,20200320T011648,-10.95146094,-37.06359972,empty,153,0,0
464,ZXC098,20200320T011649,-10.95136885,-37.06431817,empty,153,0,0
465,ZXC098,20200320T011650,-10.9512584,-37.06518029,empty,153,0,0
466,ZXC098,20200320T011651,-10.95114871,-37.06600763,empty,153,0,0
467,ZXC098,20200320T011652,-10.95101591,-37.06680373,empty,153,0,0
468,ZXC098,20200320T011653,-10.95076085,-37.06783007,empty,153,0,0
469,ZXC098,20200320T011654,-10.95053753,-37.06863644,empty,153,0,0
470,ZXC098,20200320T011655,-10.95022825,-37.06927276,empty,153,0,0
471,ZXC098,20200320T011656,-10.94990461,-37.07001421,empty,153,0,0
472,ZXC098,20200320T011657,-10.94953099,-37.07050443,empty,153,0,0
473,ZXC098,20200320T011658,-10.94915371,-37.07104974,empty,153,0,0
474,ZXC098,20200320T011659,-10.94863639,-37.07157524,empty,153,0,0
475,ZXC098,20200320T011660,-10.94813044,-37.07202516,empty,153,0,0
476,ZXC098,20200320T011661,-10.94764462,-37.07243976,empty,153,0,0
477,ZXC098,20200320T011662,-10.94745464,-37.07273793,empty,153,0,0
478,ZXC098,20200320T011663,-10.94792578,-37.07256848,empty,153,0,0
479,ZXC098,20200320T011664,-10.94829772,-37.07208936,empty,153,0,0
480,ZXC098,20200320T011665,-10.94887527,-37.07163645,empty,153,0,0
481,ZXC098,20200320T011666,-10.9490986,-37.07139345,empty,153,0,0
482,ZXC098,20200320T011667,-10.94926047,-37.07143944,empty,153,0,0
483,ZXC098,20200320T011668,-10.94951341,-37.07153695,empty,153,0,0
484,ZXC098,20200320T011669,-10.94970735,-37.07160744,empty,153,0,0
485,ZXC098,20200320T011670,-10.94976931,-37.07156406,empty,153,0,0
486,ZXC098,20200320T011671,-10.94977706,-37.07160279,empty,153,0,0
487,ZXC098,20200320T011672,-10.94974609,-37.07164026,empty,153,0,0
488,ZXC098,20200320T011673,-10.94974524,-37.07167787,empty,153,0,0
489,ZXC098,20200320T011674,-10.94974947,-37.07165902,empty,153,0,0
490,ZXC098,20200320T011675,-10.94974811,-37.07165307,empty,153,0,0
491,ZXC098,20200320T011676,-10.94975061,-37.07165165,empty,153,0,0
492,ZXC098,20200320T011677,-10.94975159,-37.07165171,empty,153,0,0
493,ZXC099,20200321T012501,-10.9291743,-37.04463715,loaded,154,-11,28
494,ZXC100,20200321T012502,-10.92984315,-37.042408,loaded,154,-11,28
495,ZXC101,20200322T012501,-10.93355117,-37.04086305,loaded,154,-11,28
496,ZXC102,20200322T012502,-10.93638131,-37.0406127,loaded,154,-11,28
497,ZXC103,20200322T012503,-10.93786309,-37.04054833,loaded,154,-11,28
498,ZXC104,20200323T012501,-10.93969599,-37.04009771,loaded,154,-11,28
499,ZXC105,20200323T012502,-10.94136033,-37.03960419,loaded,154,-11,28
500,ZXC106,20200323T012503,-10.94909907,-37.03742981,loaded,154,-11,28
501,ZXC107,20200323T012504,-10.96107896,-37.03004837,loaded,154,-11,28
502,ZXC108,20200324T012501,-11.20354899,-36.82250999,loaded,154,-11,28
503,ZXC109,20200324T012502,-15.28418511,-33.98437679,loaded,154,-11,28
504,ZXC110,20200324T012503,-16.87464217,-31.72851563,loaded,154,-11,28
505,ZXC111,20200324T012504,-19.04827169,-30.14648438,loaded,154,-11,28
506,ZXC112,20200324T012505,-20.27593763,-29.44335938,loaded,154,-11,28
507,ZXC113,20200325T012501,-20.79720143,-27.48047054,loaded,154,-11,28
508,ZXC114,20200325T012502,-21.86149873,-26.51367366,loaded,154,-11,28
509,ZXC115,20200325T012503,-22.43134016,-25.22460938,loaded,154,-11,28
510,ZXC116,20200325T012504,-23.2413461,-23.81835938,loaded,154,-11,28
511,ZXC117,20200325T012505,-24.36711356,-21.97265625,loaded,154,-11,28
512,ZXC118,20200326T012501,-25.24469595,-20.47851563,loaded,154,-11,28
513,ZXC119,20200326T012502,-26.50990453,-18.984375,loaded,154,-11,28
514,ZXC120,20200326T012503,-27.76132987,-16.875,loaded,154,-11,28
515,ZXC121,20200326T012504,-29.15216128,-14.765625,loaded,154,-11,28
516,ZXC122,20200327T012501,-31.20340495,-12.65625,loaded,154,-11,28
517,ZXC123,20200327T012502,-32.10118973,-9.63867232,loaded,154,-11,28
518,ZXC124,20200327T012503,-33.13755119,-7.0898442,loaded,154,-11,28
519,ZXC125,20200327T012504,-33.57801475,-4.6289067,loaded,154,-11,28
520,ZXC126,20200327T012505,-34.16181816,-1.90429732,loaded,154,-11,28
521,ZXC127,20200328T012501,-34.01624189,0.73242143,loaded,154,-11,28
522,ZXC128,20200328T012502,-34.23451236,3.89648393,loaded,154,-11,28
523,ZXC129,20200328T012503,-34.45221847,7.3242183,loaded,154,-11,28
524,ZXC130,20200328T012504,-34.23451236,10.40039018,loaded,154,-11,28
525,ZXC131,20200328T012505,-34.52466147,14.88281205,loaded,154,-11,28
526,ZXC132,20200328T012506,-34.3464598,16.3513183,loaded,154,-11,28
527,ZXC133,20200329T012501,-34.16484843,17.27416987,loaded,154,-11,28
528,ZXC134,20200329T012502,-33.97373511,17.95532221,loaded,154,-11,28
529,ZXC135,20200329T012503,-33.95019528,18.04550168,loaded,154,-11,28
530,ZXC136,20200329T012504,-33.93310591,18.10958862,loaded,154,-11,28
531,ZXC137,20200329T012505,-33.9262692,18.1892395,loaded,154,-11,28
532,ZXC138,20200329T012506,-33.91259414,18.26339722,loaded,154,-11,28
533,ZXC139,20200330T012501,-33.89663713,18.34030151,loaded,154,-11,28
534,ZXC140,20200330T012502,-33.88979749,18.38973999,loaded,154,-11,28
535,ZXC141,20200330T012503,-33.888325,18.41400147,loaded,154,-11,28
536,ZXC142,20200330T012504,-33.88785,18.42238426,loaded,154,-11,28
537,ZXC143,20200330T012505,-33.88801625,18.43025208,loaded,154,-11,28
538,ZXC144,20200330T012501,-33.89001124,18.43325615,loaded,154,-11,28
539,ZXC145,20200330T013502,-33.89490352,18.43491554,loaded,154,-11,28
540,ZXC146,20200330T014503,-33.8983232,18.43551636,loaded,154,-11,28
541,ZXC147,20200330T022504,-33.90074539,18.43234062,loaded,154,-11,28
542,ZXC148,20200330T032505,-33.9028232,18.42803478,loaded,154,-11,28
543,ZXC149,20200330T042506,-33.90406986,18.42567444,loaded,154,-11,28
544,ZXC150,20200331T010501,-33.90503155,18.42425823,loaded,154,-11,28
545,ZXC151,20200331T011001,-33.9057083,18.4230566,loaded,154,-11,28
546,ZXC152,20200331T011501,-33.90608822,18.42283845,loaded,154,-11,28
547,ZXC153,20200331T012501,-33.90608822,18.42283845,loaded,155,-11,70
548,ZXC154,20200331T232501,-33.90587006,18.42288673,loaded,155,-11,45
549,ZXC155,20200331T232502,-33.90531798,18.42376649,loaded,155,-11,45
550,ZXC156,20200401T232501,-33.90461749,18.42481434,loaded,155,-11,45
551,ZXC157,20200401T232502,-33.90292709,18.4276861,loaded,155,-11,45
552,ZXC158,20200401T232503,-33.89936808,18.43379975,loaded,155,-11,45
553,ZXC159,20200402T232501,-33.89468385,18.43458653,loaded,155,-11,45
554,ZXC160,20200402T232502,-33.88903748,18.37245943,loaded,155,-11,45
555,ZXC161,20200402T232503,-33.90110156,18.26179505,loaded,155,-15,45
556,ZXC162,20200403T232501,-33.91867216,18.09791566,loaded,155,-15,45
557,ZXC163,20200403T232502,-34.65128189,17.85644492,loaded,155,-15,45
558,ZXC164,20200403T232503,-37.02008964,19.10156406,loaded,155,-15,45
559,ZXC165,20200404T232501,-37.71858184,22.96875156,loaded,155,-15,45
560,ZXC166,20200404T232502,-37.78807291,28.24218906,loaded,155,-15,45
561,ZXC167,20200404T232503,-38.08841496,40.07812768,loaded,155,-15,45
562,ZXC168,20200405T232501,-37.6722168,49.92187567,loaded,155,-15,45
563,ZXC169,20200405T232502,-37.32356652,58.62304755,loaded,155,-15,45
564,ZXC170,20200405T232503,-36.76234814,69.6972663,loaded,155,-15,45
565,ZXC171,20200406T232501,-36.45663601,75.76171875,loaded,155,-15,45
566,ZXC172,20200406T232502,-35.60371874,82.70507813,loaded,155,-15,45
567,ZXC173,20200406T232503,-34.88593094,91.66992188,loaded,155,-15,45
568,ZXC174,20200407T232501,-34.08906132,100.3710938,loaded,155,-15,45
569,ZXC175,20200407T232502,-33.43144134,106.6113281,loaded,155,-15,45
570,ZXC176,20200407T232503,-32.99023556,110.5224609,loaded,155,-15,45
571,ZXC177,20200408T232501,-32.62703959,112.7124025,loaded,155,-15,45
572,ZXC178,20200408T232502,-32.33046536,114.470215,loaded,155,-15,45
573,ZXC179,20200408T232503,-32.04940689,115.698452,loaded,155,-15,45
574,ZXC180,20200409T232501,-32.05406273,115.7118416,loaded,155,-15,45
575,ZXC181,20200409T232502,-32.05639056,115.7229996,loaded,155,-15,45
576,ZXC182,20200409T232503,-32.05491445,115.7273734,loaded,155,-15,45
577,ZXC183,20200410T232501,-32.05326859,115.7281566,loaded,155,-15,45
578,ZXC184,20200410T232502,-32.05230166,115.7286519,loaded,155,-15,45
579,ZXC185,20200410T232503,-32.05215162,115.7296175,loaded,155,-15,45
580,ZXC186,20200411T232501,-32.05261538,115.7297015,loaded,155,-15,45
581,ZXC187,20200411T232502,-32.05261538,115.7297015,loaded,156,12,70
582,ZXC188,20200411T232503,-32.05582073,115.7250595,loaded,156,-25,45
583,ZXC189,20200412T232501,-32.08722864,115.5885314,loaded,156,-25,60
584,ZXC190,20200412T232502,-32.72567957,114.3420406,loaded,156,-25,60
585,ZXC191,20200412T232503,-34.0283829,113.7487789,loaded,156,-25,60
586,ZXC192,20200412T232504,-35.69894299,114.5141594,loaded,156,-25,60
587,ZXC193,20200412T232505,-35.94836545,116.8579095,loaded,156,-25,60
588,ZXC194,20200413T232501,-35.8059343,120.021972,loaded,156,-25,60
589,ZXC195,20200413T232502,-35.44873789,123.1127921,loaded,156,-25,60
590,ZXC196,20200413T232503,-35.34126813,126.1889637,loaded,156,-25,60
591,ZXC197,20200413T232504,-36.32102675,129.1772449,loaded,156,-25,60
592,ZXC198,20200414T232501,-38.21516576,131.2353497,loaded,156,-25,60
593,ZXC199,20200414T232502,-40.75835398,134.1796856,loaded,156,-25,60
594,ZXC200,20200414T232503,-43.72876744,137.2998028,loaded,156,-25,60
595,ZXC201,20200414T232504,-45.60378975,142.0898419,loaded,156,-25,60
596,ZXC202,20200414T232505,-44.92332515,148.8134747,loaded,156,-25,60
597,ZXC203,20200415T232501,-41.72759668,154.7900372,loaded,156,-25,60
598,ZXC204,20200415T232502,-38.9423215,155.4565411,loaded,156,-25,60
599,ZXC205,20200415T232503,-36.98500283,153.9660636,loaded,156,-25,60
600,ZXC206,20200415T232504,-35.27253148,153.0871582,loaded,156,-25,60
601,ZXC207,20200415T232505,-34.43409762,152.3474121,loaded,156,-25,60
602,ZXC208,20200415T232506,-33.96158601,151.7321777,loaded,156,-25,60
603,ZXC209,20200416T232501,-34.00106331,151.4440155,loaded,156,-25,60
604,ZXC210,20200416T232502,-34.00865297,151.3284302,loaded,156,-25,60
605,ZXC211,20200416T232503,-34.00125305,151.2319565,loaded,156,-25,60
606,ZXC212,20200416T232504,-33.99228695,151.2147903,loaded,156,-25,60
607,ZXC213,20200416T232505,-33.98336734,151.2071514,loaded,156,-25,60
608,ZXC214,20200416T232506,-33.98055605,151.2093258,loaded,156,-25,60
609,ZXC215,20200417T232501,-33.98054715,151.2103987,loaded,156,-25,60
610,ZXC216,20200417T232502,-33.98152874,151.2106848,loaded,157,-25,60
611,ZXC217,20200417T232503,-33.98164736,151.2125588,loaded,157,-25,60
612,ZXC218,20200417T232504,-33.97901395,151.2138033,loaded,157,-25,60
613,ZXC219,20200417T232505,-33.9749925,151.2168074,loaded,157,-25,60
614,ZXC220,20200417T232506,-33.97381806,151.2198472,loaded,157,-25,60
615,ZXC221,20200417T232507,-33.97278596,151.2227869,loaded,157,-25,60
616,ZXC222,20200418T032501,-33.97226397,151.2242067,loaded,157,-25,60
617,ZXC223,20200418T042502,-33.97086705,151.2244642,loaded,157,-25,60
618,ZXC224,20200418T052502,-33.96901929,151.224668,loaded,157,-25,60
619,ZXC225,20200418T062502,-33.96771129,151.2248719,loaded,157,-25,60
620,ZXC226,20200418T072502,-33.9676668,151.2244213,loaded,157,-25,60
621,ZXC227,20200418T082502,-33.96761341,151.2238205,loaded,157,-25,60
622,ZXC228,20200418T092502,-33.96703504,151.2240243,loaded,157,-25,60
623,ZXC229,20200418T232501,-33.96656641,151.2240064,loaded,157,-25,60
624,ZXC230,20200419T012501,-33.96656196,151.2234932,empty,158,0,0
625,ZXC231,20200419T012502,-33.96682445,151.2227297,empty,158,0,0
626,ZXC232,20200419T012503,-33.96715813,151.2216783,empty,158,0,0
627,ZXC233,20200419T012504,-33.96759858,151.2210721,empty,158,0,0
628,ZXC234,20200419T012505,-33.96787442,151.2212598,empty,158,0,0
629,ZXC235,20200419T012506,-33.96816657,151.2214762,empty,158,0,0
630,ZXC236,20200419T012507,-33.96850914,151.2220126,empty,158,0,0
